,id,user_id,topic_id
0,7923,86,23
1,7924,92,8
2,7925,98,23
3,7926,80,8
4,7927,81,23
5,7928,92,23
6,7929,79,8
7,7930,75,23
8,7931,82,8
9,7932,85,8
10,7934,81,23
11,7935,101,8
12,7936,98,23
13,7937,101,8
14,7938,68,23
15,7939,70,8
16,7940,75,23
17,7941,95,8
18,7942,69,23
19,7943,76,8
20,7944,82,23
21,7945,79,8
22,7946,79,23
23,7947,96,8
24,7948,76,8
25,7949,93,8
26,7950,70,8
27,7951,96,23
28,7952,100,8
29,7953,87,8
30,7954,86,23
31,7955,97,8
32,7956,96,8
33,7957,73,23
34,7958,96,8
35,7959,87,-1
36,7960,93,8
37,7961,98,8
38,7962,70,23
39,7963,87,8
40,7964,87,8
41,7965,70,8
42,7966,107,4
43,7967,95,8
44,7968,73,8
45,7969,83,8
46,7970,68,8
47,7971,108,8
48,7972,88,8
49,7973,104,8
50,7974,73,8
51,7975,92,8
52,7976,69,8
53,7977,68,8
54,7978,100,8
55,7979,103,8
56,7980,83,8
57,7981,101,8
58,7982,92,8
59,7983,105,-1
60,7984,94,-1
61,7985,105,8
62,7986,77,8
63,7987,101,8
64,7988,73,8
65,7989,105,8
66,7990,68,8
67,7991,87,8
68,7992,107,8
69,7993,72,8
70,7994,92,8
71,7995,84,8
72,7996,95,8
73,7997,106,8
74,7998,107,8
75,7999,79,8
76,8000,83,8
77,8001,93,-1
78,8003,78,-1
79,8004,103,18
80,8005,102,17
81,8006,80,22
82,8007,73,13
83,8008,78,-1
84,8009,99,-1
85,8010,94,13
86,8011,92,10
87,8012,99,-1
88,8014,87,24
89,8015,81,27
90,8016,84,-1
91,8017,87,-1
92,8018,99,-1
93,8019,80,9
94,8020,77,27
95,8021,98,13
96,8022,84,-1
97,8023,104,9
98,8024,72,-1
99,8025,74,21
100,8026,90,19
101,8027,73,-1
102,8028,85,12
103,8029,68,9
104,8030,92,-1
105,8031,107,12
106,8032,103,-1
107,8033,99,12
108,8034,95,-1
109,8035,78,9
110,8036,86,-1
111,8037,76,-1
112,8038,84,13
113,8039,86,12
114,8040,72,-1
115,8041,84,-1
116,8042,81,12
117,8043,73,15
118,8044,78,21
119,8045,86,24
120,8046,94,25
121,8047,69,17
122,8048,68,-1
123,8049,85,27
124,8050,96,12
125,8051,106,21
126,8052,79,21
127,8053,90,13
128,8054,105,-1
129,8055,87,10
130,8056,103,-1
131,8057,106,12
132,8058,93,10
133,8059,106,12
134,8060,82,25
135,8061,72,12
136,8062,93,12
137,8063,100,19
138,8064,93,9
139,8065,68,13
140,8066,87,21
141,8067,95,18
142,8068,90,12
143,8069,69,12
144,8070,83,10
145,8071,74,10
146,8072,101,-1
147,8073,107,20
148,8074,84,17
149,8075,87,25
150,8076,97,13
151,8077,108,9
152,8078,107,15
153,8079,83,-1
154,8080,102,9
155,8081,94,10
156,8082,79,28
157,8083,72,-1
158,8084,88,15
159,8085,106,28
160,8086,88,-1
161,8087,73,20
162,8088,104,20
163,8089,95,-1
164,8090,73,9
165,8091,108,18
166,8092,75,19
167,8093,100,9
168,8094,94,24
169,8095,78,21
170,8096,75,24
171,8097,92,25
172,8098,83,-1
173,8099,83,9
174,8100,69,19
175,8101,97,-1
176,8102,80,10
177,8103,82,15
178,8104,104,-1
179,8105,101,24
180,8106,87,9
181,8107,96,17
182,8108,86,21
183,8109,100,10
184,8110,76,24
185,8111,75,20
186,8112,76,-1
187,8113,99,17
188,8114,75,17
189,8115,74,13
190,8116,108,9
191,8117,72,24
192,8118,94,10
193,8119,99,17
194,8120,86,25
195,8121,72,25
196,8122,73,-1
197,8123,81,22
198,8124,96,19
199,8125,68,10
200,8126,104,13
201,8127,104,3
202,8128,106,21
203,8129,81,18
204,8130,68,22
205,8131,83,-1
206,8132,98,1
207,8133,105,20
208,8134,80,17
209,8135,104,27
210,8136,78,13
211,8137,78,10
212,8138,103,27
213,8139,99,10
214,8140,70,12
215,8141,85,15
216,8142,93,17
217,8143,82,25
218,8144,85,-1
219,8145,88,3
220,8146,107,13
221,8147,96,9
222,8148,101,-1
223,8149,84,13
224,8150,101,-1
225,8151,79,12
226,8152,93,10
227,8153,73,10
228,8154,69,24
229,8155,82,17
230,8156,90,-1
231,8157,75,19
232,8158,97,-1
233,8159,95,-1
234,8160,79,15
235,8161,107,9
236,8162,95,17
237,8163,107,10
238,8164,83,15
239,8165,72,9
240,8166,75,9
241,8167,75,22
242,8168,96,-1
243,8169,104,27
244,8170,88,15
245,8171,86,9
246,8172,85,20
247,8173,75,19
248,8174,102,9
249,8175,78,15
250,8176,99,-1
251,8177,77,20
252,8178,100,9
253,8179,69,9
254,8180,106,9
255,8181,102,-1
256,8182,68,9
257,8183,83,9
258,8184,107,10
259,8185,100,-1
260,8186,86,-1
261,8187,73,17
262,8188,69,22
263,8189,93,10
264,8190,103,9
265,8191,74,15
266,8192,99,-1
267,8193,75,10
268,8194,86,8
269,8195,106,13
270,8196,99,10
271,8197,76,17
272,8198,73,19
273,8199,90,-1
274,8200,73,9
275,8201,104,10
276,8202,85,15
277,8203,105,9
278,8204,85,10
279,8205,90,19
280,8206,102,9
281,8207,92,13
282,8208,104,-1
283,8209,85,-1
284,8210,102,28
285,8211,69,20
286,8212,86,22
287,8213,73,17
288,8214,77,9
289,8215,104,-1
290,8216,68,21
291,8217,102,9
292,8218,99,-1
293,8219,85,-1
294,8220,70,-1
295,8221,74,9
296,8222,82,22
297,8223,73,10
298,8224,77,22
299,8225,74,18
300,8226,86,-1
301,8227,74,12
302,8228,97,15
303,8229,82,28
304,8230,94,18
305,8231,70,12
306,8232,76,-1
307,8233,86,13
308,8234,104,-1
309,8235,82,-1
310,8236,92,-1
311,8237,72,-1
312,8238,94,-1
313,8239,108,20
314,8240,87,19
315,8241,100,15
316,8242,75,-1
317,8243,98,13
318,8245,102,3
319,8246,93,3
320,8247,77,3
321,8248,98,3
322,8249,77,3
323,8250,90,3
324,8251,78,3
325,8252,104,3
326,8253,98,3
327,8254,103,3
328,8255,93,3
329,8256,107,3
330,8257,74,3
331,8258,85,3
332,8260,87,3
333,8261,103,0
334,8262,73,5
335,8263,105,3
336,8264,95,3
337,8265,73,3
338,8266,76,3
339,8267,106,3
340,8268,88,3
341,8269,94,3
342,8270,85,3
343,8271,97,3
344,8272,84,3
345,8273,75,3
346,8274,99,3
347,8275,108,3
348,8276,76,3
349,8277,95,3
350,8278,73,3
351,8279,79,3
352,8280,104,19
353,8281,79,3
354,8282,98,3
355,8283,86,3
356,8284,99,3
357,8285,83,3
358,8286,106,3
359,8287,94,3
360,8288,93,3
361,8289,96,3
362,8290,98,3
363,8291,100,3
364,8292,105,3
365,8293,87,3
366,8294,94,3
367,8295,97,3
368,8296,88,3
369,8297,97,3
370,8298,94,3
371,8299,85,3
372,8300,97,3
373,8301,101,3
374,8302,95,3
375,8303,93,3
376,8304,75,3
377,8305,84,3
378,8306,78,3
379,8307,79,3
380,8308,97,3
381,8309,74,3
382,8310,92,3
383,8311,96,3
384,8312,97,3
385,8313,78,1
386,8314,83,3
387,8315,99,3
388,8316,76,3
389,8317,106,3
390,8318,75,3
391,8319,108,3
392,8320,85,3
393,8321,69,3
394,8322,81,3
395,8323,101,3
396,8324,98,3
397,8325,108,3
398,8326,103,3
399,8327,76,3
400,8328,99,3
401,8329,102,3
402,8330,78,3
403,8331,98,3
404,8332,84,3
405,8333,88,3
406,8334,81,3
407,8335,92,3
408,8336,86,3
409,8337,101,3
410,8338,76,3
411,8339,101,3
412,8340,87,3
413,8341,82,3
414,8342,75,8
415,8343,108,3
416,8344,80,0
417,8346,72,3
418,8347,107,3
419,8348,84,3
420,8349,94,3
421,8350,90,3
422,8351,92,3
423,8352,68,3
424,8353,98,3
425,8354,69,3
426,8355,92,3
427,8356,79,3
428,8357,77,3
429,8358,102,3
430,8359,99,3
431,8360,70,3
432,8361,94,3
433,8362,82,2
434,8363,103,3
435,8364,73,3
436,8365,83,3
437,8366,96,3
438,8367,88,3
439,8368,73,3
440,8369,75,3
441,8370,80,3
442,8371,88,3
443,8372,108,3
444,8373,97,3
445,8374,88,3
446,8375,102,3
447,8376,77,3
448,8377,84,-1
449,8378,85,3
450,8379,107,3
451,8380,73,3
452,8381,94,3
453,8382,84,3
454,8383,101,3
455,8384,92,3
456,8385,76,3
457,8386,102,3
458,8387,68,3
459,8388,107,3
460,8389,97,3
461,8390,102,3
462,8391,81,3
463,8392,99,-1
464,8393,69,3
465,8394,93,3
466,8395,80,3
467,8396,98,3
468,8397,83,3
469,8398,105,3
470,8399,104,3
471,8400,87,3
472,8401,108,3
473,8402,106,3
474,8403,81,3
475,8404,100,3
476,8405,75,3
477,8406,81,3
478,8407,97,3
479,8408,77,3
480,8409,102,3
481,8410,104,3
482,8411,102,3
483,8412,75,3
484,8413,93,3
485,8414,105,3
486,8415,105,3
487,8416,70,3
488,8417,84,3
489,8418,80,3
490,8419,75,3
491,8420,104,3
492,8421,75,3
493,8422,82,3
494,8423,102,3
495,8424,106,3
496,8425,100,3
497,8426,94,3
498,8427,95,3
499,8428,101,3
500,8429,98,3
501,8430,74,3
502,8431,98,3
503,8432,105,3
504,8433,82,3
505,8434,101,9
506,8435,84,3
507,8436,105,3
508,8437,88,3
509,8438,104,3
510,8439,70,3
511,8440,88,3
512,8441,93,3
513,8442,81,3
514,8443,83,3
515,8444,86,3
516,8445,86,3
517,8446,69,3
518,8447,98,3
519,8448,106,3
520,8449,96,3
521,8450,69,3
522,8451,75,3
523,8452,106,3
524,8453,80,3
525,8454,80,3
526,8455,85,3
527,8456,101,3
528,8457,80,3
529,8458,100,3
530,8459,94,3
531,8460,78,3
532,8461,77,3
533,8462,85,3
534,8463,105,3
535,8464,98,3
536,8465,77,3
537,8466,77,3
538,8467,81,3
539,8468,81,0
540,8469,105,3
541,8470,94,3
542,8471,81,3
543,8472,85,3
544,8473,96,3
545,8474,83,3
546,8475,78,3
547,8476,86,3
548,8477,75,3
549,8478,103,3
550,8479,94,3
551,8480,94,3
552,8481,80,3
553,8482,92,3
554,8483,77,3
555,8484,87,3
556,8485,76,3
557,8486,94,3
558,8488,74,4
559,8489,105,4
560,8490,80,15
561,8491,68,4
562,8492,84,4
563,8493,90,4
564,8494,105,20
565,8496,87,4
566,8497,108,4
567,8498,92,4
568,8499,98,4
569,8500,93,4
570,8501,99,4
571,8502,75,4
572,8503,107,4
573,8504,104,2
574,8505,69,4
575,8506,88,4
576,8507,100,4
577,8508,87,4
578,8509,93,4
579,8510,70,4
580,8511,105,4
581,8512,77,4
582,8513,81,4
583,8514,73,4
584,8515,75,4
585,8516,108,0
586,8517,77,4
587,8518,98,4
588,8519,84,4
589,8520,95,4
590,8521,82,4
591,8522,98,4
592,8523,69,4
593,8524,102,4
594,8525,108,4
595,8526,73,4
596,8527,78,4
597,8528,78,4
598,8529,84,4
599,8530,78,4
600,8531,86,4
601,8532,84,4
602,8533,95,4
603,8534,83,2
604,8535,85,4
605,8536,95,4
606,8537,72,4
607,8538,68,4
608,8539,98,4
609,8540,86,4
610,8541,83,4
611,8542,81,4
612,8543,99,4
613,8544,105,4
614,8545,70,4
615,8546,103,0
616,8547,104,4
617,8548,88,4
618,8549,81,4
619,8550,92,4
620,8551,77,4
621,8552,84,4
622,8553,76,4
623,8554,74,4
624,8555,96,4
625,8556,101,4
626,8557,84,4
627,8558,82,4
628,8559,99,4
629,8560,82,4
630,8561,101,4
631,8562,98,4
632,8563,76,4
633,8564,81,4
634,8565,95,4
635,8566,68,4
636,8567,97,4
637,8568,85,4
638,8569,100,4
639,8570,93,4
640,8571,69,4
641,8572,74,4
642,8573,92,4
643,8574,90,4
644,8575,99,4
645,8576,102,4
646,8577,107,4
647,8578,102,4
648,8579,73,4
649,8580,72,4
650,8581,75,4
651,8582,72,4
652,8583,70,4
653,8584,83,4
654,8585,70,4
655,8586,84,4
656,8587,94,4
657,8588,100,4
658,8589,105,4
659,8590,90,4
660,8591,97,4
661,8592,92,4
662,8593,88,4
663,8594,75,4
664,8595,103,4
665,8596,74,4
666,8597,77,4
667,8598,95,4
668,8599,99,4
669,8600,73,4
670,8601,83,4
671,8602,93,4
672,8603,77,4
673,8604,85,4
674,8605,95,7
675,8606,95,4
676,8607,70,4
677,8608,107,4
678,8609,90,4
679,8610,94,4
680,8611,80,4
681,8612,81,4
682,8613,85,4
683,8614,70,4
684,8615,103,4
685,8616,77,4
686,8617,78,4
687,8618,90,4
688,8619,105,4
689,8620,85,4
690,8621,79,4
691,8622,99,4
692,8623,102,4
693,8624,108,4
694,8625,84,4
695,8626,106,4
696,8627,69,4
697,8628,92,4
698,8629,106,4
699,8630,75,4
700,8631,96,4
701,8632,72,4
702,8633,85,4
703,8634,107,4
704,8635,70,4
705,8636,70,4
706,8637,70,4
707,8638,105,4
708,8639,87,4
709,8640,101,4
710,8641,100,4
711,8642,83,4
712,8643,77,4
713,8644,93,4
714,8645,85,4
715,8646,95,4
716,8647,97,4
717,8648,88,4
718,8649,94,4
719,8650,97,4
720,8651,73,4
721,8652,95,4
722,8653,75,4
723,8654,94,4
724,8655,76,4
725,8656,82,4
726,8657,85,4
727,8658,103,4
728,8659,86,4
729,8660,105,4
730,8661,68,4
731,8662,95,4
732,8663,88,4
733,8664,98,4
734,8665,87,4
735,8666,103,4
736,8667,81,4
737,8668,74,4
738,8669,90,4
739,8670,102,4
740,8671,105,4
741,8672,75,4
742,8673,70,4
743,8674,107,4
744,8675,103,4
745,8676,93,4
746,8677,73,4
747,8678,84,4
748,8679,76,4
749,8680,82,4
750,8681,82,4
751,8682,69,4
752,8683,98,4
753,8685,104,0
754,8686,82,0
755,8687,80,0
756,8688,97,0
757,8689,93,0
758,8690,88,0
759,8691,80,0
760,8692,73,0
761,8693,82,0
762,8694,85,0
763,8696,96,0
764,8697,68,0
765,8698,108,0
766,8699,108,0
767,8700,93,0
768,8701,72,0
769,8702,90,0
770,8703,102,0
771,8704,106,0
772,8705,78,0
773,8706,94,0
774,8707,69,0
775,8708,68,0
776,8709,85,0
777,8710,105,0
778,8711,78,0
779,8712,99,0
780,8713,79,0
781,8714,101,0
782,8715,80,0
783,8716,87,0
784,8717,83,0
785,8718,107,0
786,8719,94,0
787,8720,82,0
788,8721,84,0
789,8722,101,0
790,8723,70,0
791,8724,101,0
792,8725,92,0
793,8726,92,0
794,8727,92,0
795,8728,76,0
796,8729,105,0
797,8730,100,0
798,8731,72,0
799,8732,94,0
800,8733,77,0
801,8734,102,0
802,8735,81,0
803,8736,92,0
804,8737,97,0
805,8738,81,0
806,8739,94,0
807,8740,76,0
808,8741,104,0
809,8742,69,0
810,8743,76,0
811,8744,108,0
812,8745,70,0
813,8746,78,0
814,8747,87,0
815,8748,76,0
816,8749,87,0
817,8750,101,0
818,8751,80,0
819,8752,92,0
820,8753,73,0
821,8754,90,0
822,8755,85,0
823,8756,95,0
824,8757,104,0
825,8758,79,0
826,8759,73,0
827,8760,70,0
828,8761,78,0
829,8762,76,0
830,8763,76,0
831,8764,84,0
832,8765,72,0
833,8766,88,0
834,8767,80,0
835,8768,95,0
836,8769,97,0
837,8770,76,0
838,8771,68,0
839,8772,70,0
840,8773,98,0
841,8774,96,4
842,8775,70,0
843,8776,92,0
844,8777,96,0
845,8778,99,0
846,8779,84,0
847,8780,83,0
848,8781,90,0
849,8782,103,0
850,8783,79,0
851,8784,83,0
852,8785,95,0
853,8786,97,0
854,8787,107,0
855,8788,76,0
856,8789,102,5
857,8790,106,0
858,8791,94,0
859,8792,98,0
860,8793,92,0
861,8794,75,0
862,8795,90,0
863,8796,69,0
864,8797,80,0
865,8798,107,0
866,8799,85,0
867,8800,104,0
868,8801,108,0
869,8802,92,0
870,8803,108,0
871,8804,83,0
872,8805,90,0
873,8806,86,0
874,8807,80,0
875,8808,92,0
876,8809,100,0
877,8810,97,0
878,8811,88,0
879,8812,76,0
880,8813,69,0
881,8814,75,0
882,8815,88,0
883,8816,80,0
884,8817,85,0
885,8818,68,0
886,8819,104,0
887,8820,103,0
888,8821,68,0
889,8822,82,0
890,8823,93,0
891,8824,94,0
892,8825,75,0
893,8826,78,0
894,8827,107,0
895,8828,77,1
896,8829,70,0
897,8830,100,0
898,8831,104,0
899,8832,82,0
900,8833,68,0
901,8834,77,0
902,8835,74,0
903,8836,101,0
904,8837,82,0
905,8838,84,0
906,8839,108,0
907,8840,108,0
908,8841,81,0
909,8842,98,0
910,8843,73,0
911,8844,94,0
912,8845,100,0
913,8846,90,0
914,8847,75,0
915,8848,79,0
916,8849,81,0
917,8850,81,0
918,8851,80,0
919,8852,76,0
920,8853,104,0
921,8854,74,0
922,8855,87,5
923,8856,82,0
924,8857,101,0
925,8858,96,0
926,8859,96,0
927,8860,73,0
928,8861,69,0
929,8862,88,0
930,8863,72,0
931,8864,96,0
932,8865,76,0
933,8866,103,0
934,8867,68,0
935,8868,79,0
936,8869,100,0
937,8870,96,0
938,8871,77,0
939,8872,77,0
940,8873,80,0
941,8874,106,0
942,8875,95,0
943,8876,73,0
944,8877,80,28
945,8878,69,28
946,8879,84,0
947,8880,81,0
948,8881,76,0
949,8882,103,0
950,8883,107,0
951,8884,96,0
952,8885,103,0
953,8886,76,0
954,8887,75,0
955,8888,97,0
956,8889,72,0
957,8890,84,0
958,8891,104,0
959,8892,77,0
960,8893,80,0
961,8894,75,0
962,8895,75,0
963,8896,70,0
964,8897,93,0
965,8898,107,0
966,8899,98,0
967,8900,104,0
968,8901,74,0
969,8902,95,0
970,8903,94,0
971,8904,70,0
972,8905,105,0
973,8906,85,0
974,8907,80,0
975,8908,92,0
976,8909,108,0
977,8910,101,0
978,8911,80,0
979,8912,72,0
980,8913,74,0
981,8914,72,0
982,8915,101,0
983,8916,84,0
984,8917,95,0
985,8918,102,0
986,8919,73,0
987,8920,92,0
988,8921,107,0
989,8922,105,0
990,8923,95,0
991,8924,75,0
992,8925,78,0
993,8926,94,0
994,8927,95,0
995,8928,88,0
996,8929,69,0
997,8930,73,0
998,8931,106,0
999,8932,70,0
1000,8933,81,0
1001,8934,80,0
1002,8935,82,0
1003,8936,83,0
1004,8937,85,0
1005,8938,84,0
1006,8939,77,0
1007,8940,70,0
1008,8941,75,0
1009,8942,88,0
1010,8943,103,0
1011,8944,90,0
1012,8945,83,0
1013,8946,103,0
1014,8947,94,0
1015,8948,74,0
1016,8949,85,0
1017,8950,68,0
1018,8951,98,0
1019,8952,70,0
1020,8953,98,0
1021,8954,92,0
1022,8955,86,0
1023,8956,87,0
1024,8957,70,0
1025,8958,86,0
1026,8959,104,0
1027,8960,78,0
1028,8961,70,0
1029,8962,94,0
1030,8963,105,0
1031,8964,88,0
1032,8965,86,0
1033,8966,103,0
1034,8967,85,0
1035,8968,87,0
1036,8969,83,0
1037,8970,82,0
1038,8971,94,0
1039,8972,68,0
1040,8973,85,0
1041,8974,81,0
1042,8975,73,0
1043,8976,105,0
1044,8977,96,0
1045,8978,92,0
1046,8979,68,0
1047,8980,94,0
1048,8981,72,0
1049,8982,82,0
1050,8983,75,0
1051,8984,70,0
1052,8985,90,0
1053,8986,80,0
1054,8987,70,0
1055,8988,78,0
1056,8989,85,0
1057,8990,101,0
1058,8991,77,0
1059,8992,70,0
1060,8993,76,0
1061,8994,80,0
1062,8995,105,0
1063,8996,68,0
1064,8997,93,0
1065,8998,93,0
1066,8999,76,0
1067,9000,80,0
1068,9001,92,0
1069,9002,99,0
1070,9003,93,0
1071,9004,96,0
1072,9005,105,0
1073,9006,108,0
1074,9007,102,1
1075,9008,77,0
1076,9009,88,0
1077,9010,103,0
1078,9011,100,0
1079,9012,84,0
1080,9013,79,0
1081,9014,85,0
1082,9015,87,0
1083,9016,100,0
1084,9017,68,0
1085,9018,70,0
1086,9019,92,0
1087,9020,86,0
1088,9021,70,0
1089,9022,95,0
1090,9023,107,5
1091,9024,100,0
1092,9025,72,0
1093,9026,107,0
1094,9027,68,0
1095,9028,76,0
1096,9029,105,0
1097,9030,95,0
1098,9031,74,0
1099,9032,107,0
1100,9033,99,0
1101,9034,81,0
1102,9035,83,0
1103,9036,100,0
1104,9037,108,0
1105,9038,103,0
1106,9039,79,0
1107,9040,78,0
1108,9041,90,0
1109,9042,82,0
1110,9043,88,0
1111,9044,78,0
1112,9045,102,0
1113,9046,99,0
1114,9047,106,0
1115,9048,81,0
1116,9049,107,0
1117,9050,69,0
1118,9051,86,0
1119,9052,106,0
1120,9053,82,0
1121,9054,90,0
1122,9055,103,0
1123,9056,105,0
1124,9057,95,0
1125,9058,69,0
1126,9059,96,0
1127,9060,101,0
1128,9061,97,0
1129,9062,85,0
1130,9063,100,0
1131,9064,85,0
1132,9065,108,0
1133,9066,73,0
1134,9067,96,0
1135,9068,81,0
1136,9069,88,0
1137,9070,98,0
1138,9071,93,0
1139,9072,97,0
1140,9073,96,0
1141,9074,69,0
1142,9075,97,0
1143,9076,76,0
1144,9077,104,0
1145,9078,78,0
1146,9079,106,0
1147,9080,105,0
1148,9081,90,0
1149,9082,73,0
1150,9083,99,0
1151,9084,104,0
1152,9085,68,0
1153,9086,94,0
1154,9087,103,0
1155,9088,107,0
1156,9089,72,0
1157,9090,98,0
1158,9091,98,0
1159,9092,103,0
1160,9093,96,0
1161,9094,95,0
1162,9095,78,0
1163,9096,73,0
1164,9097,78,0
1165,9098,98,0
1166,9099,88,0
1167,9100,77,0
1168,9101,86,0
1169,9102,86,0
1170,9103,87,0
1171,9104,87,0
1172,9105,103,0
1173,9106,106,0
1174,9107,70,0
1175,9108,92,0
1176,9109,77,0
1177,9110,76,0
1178,9111,84,2
1179,9112,103,0
1180,9113,76,0
1181,9114,69,0
1182,9115,92,0
1183,9116,104,0
1184,9117,105,0
1185,9118,82,0
1186,9119,80,0
1187,9120,84,0
1188,9122,69,1
1189,9123,70,1
1190,9124,79,1
1191,9125,73,1
1192,9126,97,1
1193,9127,68,1
1194,9128,98,1
1195,9129,97,1
1196,9130,75,-1
1197,9131,84,1
1198,9133,80,1
1199,9134,105,1
1200,9135,83,1
1201,9136,78,1
1202,9137,83,1
1203,9138,75,1
1204,9139,90,1
1205,9140,97,1
1206,9141,72,1
1207,9142,72,1
1208,9143,97,1
1209,9144,77,1
1210,9145,97,1
1211,9146,95,1
1212,9147,93,1
1213,9148,82,1
1214,9149,97,1
1215,9150,75,1
1216,9151,86,1
1217,9152,82,7
1218,9153,86,7
1219,9154,81,7
1220,9155,98,1
1221,9156,79,7
1222,9157,84,7
1223,9158,107,7
1224,9159,84,7
1225,9160,90,1
1226,9161,103,7
1227,9162,82,7
1228,9163,78,7
1229,9164,98,7
1230,9165,84,7
1231,9166,81,7
1232,9167,101,7
1233,9168,104,1
1234,9169,81,1
1235,9170,82,1
1236,9171,101,1
1237,9172,108,1
1238,9173,69,1
1239,9174,104,1
1240,9175,101,1
1241,9176,98,1
1242,9177,84,1
1243,9178,106,1
1244,9179,78,1
1245,9180,77,1
1246,9181,93,7
1247,9182,107,1
1248,9183,104,1
1249,9184,93,1
1250,9185,78,1
1251,9186,88,-1
1252,9187,102,1
1253,9188,105,1
1254,9189,92,1
1255,9190,73,1
1256,9191,88,1
1257,9192,75,1
1258,9193,97,1
1259,9194,90,1
1260,9195,90,1
1261,9196,86,1
1262,9197,73,1
1263,9198,74,1
1264,9199,102,1
1265,9200,82,1
1266,9201,103,1
1267,9202,78,1
1268,9203,96,1
1269,9204,68,1
1270,9205,76,1
1271,9206,99,1
1272,9207,108,1
1273,9208,79,1
1274,9209,86,1
1275,9210,88,1
1276,9211,106,1
1277,9212,97,7
1278,9213,96,7
1279,9214,90,7
1280,9215,96,7
1281,9216,105,1
1282,9217,105,7
1283,9218,105,7
1284,9219,103,7
1285,9220,99,7
1286,9221,70,7
1287,9222,82,7
1288,9223,86,7
1289,9224,90,7
1290,9225,97,7
1291,9226,69,7
1292,9227,86,7
1293,9228,99,1
1294,9229,70,1
1295,9230,85,1
1296,9231,70,1
1297,9232,103,-1
1298,9233,82,-1
1299,9234,98,1
1300,9235,78,1
1301,9236,84,1
1302,9237,108,1
1303,9238,99,1
1304,9239,103,1
1305,9240,92,1
1306,9241,86,1
1307,9242,95,1
1308,9243,103,1
1309,9244,80,1
1310,9245,102,1
1311,9246,72,1
1312,9247,77,7
1313,9248,87,7
1314,9249,73,7
1315,9250,84,7
1316,9251,76,1
1317,9252,82,1
1318,9253,70,7
1319,9254,96,7
1320,9255,75,7
1321,9256,103,7
1322,9257,96,7
1323,9258,103,1
1324,9259,79,1
1325,9260,98,1
1326,9261,68,1
1327,9262,82,1
1328,9263,96,1
1329,9264,72,1
1330,9265,73,1
1331,9266,86,1
1332,9267,90,1
1333,9268,100,1
1334,9269,88,10
1335,9270,107,1
1336,9271,97,1
1337,9272,104,1
1338,9273,87,1
1339,9274,101,-1
1340,9275,73,1
1341,9276,94,1
1342,9277,103,1
1343,9278,101,1
1344,9279,86,1
1345,9280,75,3
1346,9281,82,1
1347,9282,79,1
1348,9283,101,1
1349,9284,100,1
1350,9285,84,1
1351,9286,94,1
1352,9287,73,3
1353,9288,107,3
1354,9289,69,1
1355,9290,92,1
1356,9291,94,1
1357,9292,107,1
1358,9293,85,1
1359,9294,74,1
1360,9295,97,7
1361,9296,90,7
1362,9297,77,7
1363,9298,92,7
1364,9299,80,7
1365,9300,97,1
1366,9301,76,7
1367,9302,108,7
1368,9303,106,7
1369,9304,69,7
1370,9305,82,7
1371,9306,78,1
1372,9307,88,0
1373,9308,98,7
1374,9309,74,1
1375,9310,77,1
1376,9311,73,1
1377,9312,106,1
1378,9313,68,1
1379,9314,76,1
1380,9315,96,1
1381,9316,70,7
1382,9317,84,0
1383,9318,108,1
1384,9319,72,1
1385,9320,82,1
1386,9321,104,7
1387,9322,86,1
1388,9323,93,-1
1389,9324,96,1
1390,9325,100,1
1391,9326,68,7
1392,9327,95,7
1393,9328,104,7
1394,9329,76,7
1395,9330,79,7
1396,9331,102,7
1397,9332,87,7
1398,9333,76,7
1399,9334,92,7
1400,9335,90,-1
1401,9336,77,7
1402,9337,102,7
1403,9338,107,7
1404,9339,103,7
1405,9340,87,7
1406,9341,103,7
1407,9342,85,1
1408,9343,98,1
1409,9344,83,1
1410,9345,92,1
1411,9346,98,1
1412,9347,92,1
1413,9348,87,1
1414,9349,95,1
1415,9350,96,0
1416,9351,99,1
1417,9352,68,1
1418,9353,70,1
1419,9354,83,1
1420,9355,101,1
1421,9356,79,7
1422,9357,72,1
1423,9358,77,1
1424,9359,97,1
1425,9360,77,1
1426,9361,78,1
1427,9362,88,1
1428,9363,93,1
1429,9364,88,1
1430,9365,74,1
1431,9366,106,1
1432,9367,106,1
1433,9368,82,1
1434,9369,76,1
1435,9370,76,1
1436,9371,107,3
1437,9372,98,3
1438,9373,95,3
1439,9374,105,1
1440,9375,104,1
1441,9376,72,1
1442,9377,101,1
1443,9378,78,7
1444,9379,93,7
1445,9380,88,7
1446,9381,90,7
1447,9382,79,7
1448,9383,98,7
1449,9384,70,7
1450,9385,84,7
1451,9386,95,1
1452,9387,103,1
1453,9388,102,1
1454,9389,70,1
1455,9390,77,7
1456,9391,68,1
1457,9392,76,1
1458,9393,69,1
1459,9394,97,1
1460,9395,74,1
1461,9396,73,1
1462,9397,68,1
1463,9398,80,1
1464,9399,103,1
1465,9400,107,1
1466,9401,97,-1
1467,9402,99,1
1468,9403,97,1
1469,9404,90,1
1470,9405,94,1
1471,9406,108,1
1472,9407,96,1
1473,9408,86,1
1474,9409,93,1
1475,9410,98,1
1476,9411,74,1
1477,9412,79,1
1478,9413,106,1
1479,9414,106,1
1480,9415,76,1
1481,9416,105,1
1482,9417,84,1
1483,9418,74,1
1484,9419,81,1
1485,9420,108,1
1486,9421,74,2
1487,9422,76,1
1488,9423,106,1
1489,9424,103,1
1490,9425,70,1
1491,9426,101,1
1492,9427,97,1
1493,9428,85,1
1494,9429,77,-1
1495,9430,78,1
1496,9431,100,1
1497,9432,69,1
1498,9433,81,1
1499,9434,108,1
1500,9435,72,0
1501,9436,96,1
1502,9437,83,1
1503,9438,101,14
1504,9439,98,1
1505,9440,103,1
1506,9441,107,1
1507,9442,83,1
1508,9443,83,1
1509,9444,73,1
1510,9445,81,14
1511,9446,103,-1
1512,9447,92,-1
1513,9448,97,7
1514,9449,84,7
1515,9450,72,-1
1516,9451,96,7
1517,9452,75,1
1518,9453,90,1
1519,9454,108,1
1520,9455,87,1
1521,9456,69,1
1522,9457,88,1
1523,9458,74,1
1524,9459,72,1
1525,9460,70,1
1526,9461,87,-1
1527,9462,75,1
1528,9463,87,1
1529,9464,69,1
1530,9465,105,-1
1531,9466,97,-1
1532,9467,73,-1
1533,9468,105,7
1534,9469,94,7
1535,9470,87,-1
1536,9471,77,7
1537,9472,104,1
1538,9473,80,1
1539,9474,76,0
1540,9475,69,1
1541,9476,104,1
1542,9477,86,1
1543,9478,70,1
1544,9479,69,1
1545,9480,98,1
1546,9481,77,1
1547,9482,76,1
1548,9483,102,1
1549,9484,83,1
1550,9485,105,-1
1551,9486,100,7
1552,9487,100,7
1553,9488,77,-1
1554,9489,85,7
1555,9490,70,1
1556,9491,100,1
1557,9492,68,1
1558,9493,70,1
1559,9494,104,1
1560,9495,92,1
1561,9496,86,1
1562,9497,99,1
1563,9498,103,1
1564,9499,86,1
1565,9500,96,1
1566,9501,86,1
1567,9502,103,1
1568,9503,80,1
1569,9504,80,4
1570,9505,97,1
1571,9506,90,1
1572,9507,96,1
1573,9508,108,1
1574,9510,79,14
1575,9511,99,6
1576,9512,81,-1
1577,9513,99,14
1578,9514,81,16
1579,9515,95,-1
1580,9516,92,-1
1581,9517,76,-1
1582,9518,86,6
1583,9519,95,11
1584,9521,83,14
1585,9522,76,16
1586,9523,84,6
1587,9524,105,-1
1588,9525,75,-1
1589,9526,72,14
1590,9527,105,-1
1591,9528,95,16
1592,9529,99,-1
1593,9530,84,-1
1594,9531,78,11
1595,9532,104,6
1596,9533,86,6
1597,9534,102,14
1598,9535,98,16
1599,9536,99,6
1600,9537,90,6
1601,9538,85,6
1602,9539,103,6
1603,9540,88,-1
1604,9541,92,14
1605,9542,92,16
1606,9543,78,11
1607,9544,72,26
1608,9545,79,-1
1609,9546,86,6
1610,9547,93,-1
1611,9548,101,14
1612,9549,92,14
1613,9550,104,16
1614,9551,99,6
1615,9552,98,26
1616,9553,95,14
1617,9554,69,16
1618,9555,95,14
1619,9556,87,26
1620,9557,79,26
1621,9558,107,26
1622,9559,70,6
1623,9560,99,11
1624,9561,73,-1
1625,9562,84,6
1626,9563,84,-1
1627,9564,75,-1
1628,9565,87,16
1629,9566,97,26
1630,9567,73,-1
1631,9568,69,14
1632,9569,104,16
1633,9570,104,12
1634,9571,83,-1
1635,9572,68,-1
1636,9573,104,-1
1637,9574,105,-1
1638,9575,93,16
1639,9576,97,-1
1640,9577,94,-1
1641,9578,77,6
1642,9579,83,14
1643,9580,97,16
1644,9581,90,6
1645,9582,74,11
1646,9583,105,14
1647,9584,85,-1
1648,9585,83,14
1649,9586,84,16
1650,9587,100,-1
1651,9588,85,-1
1652,9589,97,6
1653,9590,86,-1
1654,9591,102,11
1655,9592,76,14
1656,9593,100,6
1657,9594,95,6
1658,9595,76,6
1659,9596,75,6
1660,9597,68,-1
1661,9598,106,-1
1662,9599,73,-1
1663,9600,85,16
1664,9601,107,6
1665,9602,108,6
1666,9603,76,6
1667,9604,82,-1
1668,9605,82,6
1669,9606,77,26
1670,9607,68,26
1671,9608,73,6
1672,9609,107,14
1673,9610,104,16
1674,9611,68,6
1675,9612,108,-1
1676,9613,83,6
1677,9614,98,16
1678,9615,102,14
1679,9616,82,-1
1680,9617,84,6
1681,9618,80,-1
1682,9619,99,6
1683,9620,86,-1
1684,9621,83,6
1685,9622,107,6
1686,9623,95,6
1687,9624,97,16
1688,9625,107,14
1689,9626,70,-1
1690,9627,92,6
1691,9628,93,6
1692,9629,106,6
1693,9630,77,6
1694,9631,76,6
1695,9632,70,-1
1696,9633,69,6
1697,9634,105,16
1698,9635,82,14
1699,9636,103,-1
1700,9637,106,-1
1701,9638,79,11
1702,9639,106,6
1703,9640,80,6
1704,9641,99,6
1705,9642,76,6
1706,9643,102,-1
1707,9644,82,16
1708,9645,76,14
1709,9646,87,6
1710,9647,93,-1
1711,9648,70,-1
1712,9649,85,14
1713,9650,92,16
1714,9651,96,14
1715,9652,97,6
1716,9653,73,6
1717,9654,93,6
1718,9655,107,-1
1719,9656,100,-1
1720,9657,74,-1
1721,9658,78,-1
1722,9659,101,6
1723,9660,75,16
1724,9661,100,14
1725,9662,92,-1
1726,9663,68,6
1727,9664,107,16
1728,9665,88,14
1729,9666,108,-1
1730,9667,87,6
1731,9668,95,-1
1732,9669,77,-1
1733,9670,103,6
1734,9671,76,6
1735,9672,104,-1
1736,9673,90,6
1737,9674,100,11
1738,9675,94,16
1739,9676,88,14
1740,9677,94,-1
1741,9678,74,14
1742,9679,104,6
1743,9680,107,-1
1744,9681,75,26
1745,9682,102,6
1746,9683,81,16
1747,9684,100,14
1748,9685,88,-1
1749,9686,107,6
1750,9687,92,-1
1751,9688,73,-1
1752,9689,72,6
1753,9690,80,6
1754,9691,84,6
1755,9692,85,16
1756,9693,75,14
1757,9694,87,6
1758,9695,106,11
1759,9696,77,6
1760,9697,93,-1
1761,9698,97,6
1762,9699,86,6
1763,9700,74,-1
1764,9701,78,-1
1765,9702,98,6
1766,9703,97,-1
1767,9705,83,6
1768,9706,82,6
1769,9707,68,16
1770,9708,69,26
1771,9709,83,-1
1772,9710,83,26
1773,9711,103,16
1774,9712,83,-1
1775,9713,68,14
1776,9714,101,-1
1777,9715,81,6
1778,9716,101,26
1779,9717,83,26
1780,9718,69,26
1781,9719,94,6
1782,9720,69,-1
1783,9721,84,16
1784,9722,86,14
1785,9723,79,-1
1786,9724,108,6
1787,9725,69,6
1788,9726,95,6
1789,9727,100,6
1790,9728,96,6
1791,9729,100,16
1792,9730,107,11
1793,9731,79,6
1794,9732,92,6
1795,9733,73,6
1796,9734,97,-1
1797,9735,97,11
1798,9736,81,11
1799,9737,68,11
1800,9738,90,-1
1801,9739,92,-1
1802,9740,74,11
1803,9741,92,6
1804,9742,98,11
1805,9743,94,6
1806,9744,90,-1
1807,9745,76,6
1808,9746,77,-1
1809,9747,97,-1
1810,9748,100,6
1811,9749,74,6
1812,9750,104,-1
1813,9751,78,6
1814,9752,92,-1
1815,9753,107,-1
1816,9754,82,6
1817,9755,98,6
1818,9756,75,6
1819,9757,68,6
1820,9758,103,6
1821,9759,78,-1
1822,9760,85,6
1823,9761,92,11
1824,9762,88,6
1825,9763,101,6
1826,9764,74,6
1827,9765,81,11
1828,9766,107,11
1829,9767,74,11
1830,9768,102,11
1831,9769,74,11
1832,9770,101,11
1833,9771,104,-1
1834,9772,68,6
1835,9773,84,11
1836,9774,92,6
1837,9775,83,6
1838,9776,69,6
1839,9777,69,6
1840,9778,94,11
1841,9779,68,6
1842,9780,108,6
1843,9781,100,6
1844,9782,78,6
1845,9783,79,11
1846,9784,92,6
1847,9785,97,11
1848,9786,83,11
1849,9787,69,11
1850,9788,81,11
1851,9789,76,-1
1852,9790,87,-1
1853,9791,74,11
1854,9792,98,6
1855,9793,92,6
1856,9794,104,16
1857,9795,108,6
1858,9796,102,-1
1859,9797,76,11
1860,9798,101,11
1861,9799,83,11
1862,9800,81,11
1863,9801,100,11
1864,9802,90,6
1865,9803,83,6
1866,9804,82,6
1867,9805,75,-1
1868,9806,105,6
1869,9807,108,6
1870,9808,103,6
1871,9809,106,6
1872,9810,102,11
1873,9811,77,11
1874,9812,70,6
1875,9813,73,11
1876,9814,74,6
1877,9815,84,6
1878,9816,107,11
1879,9818,90,20
1880,9819,102,18
1881,9820,101,17
1882,9821,90,22
1883,9822,105,13
1884,9823,85,-1
1885,9824,73,-1
1886,9825,78,13
1887,9826,74,10
1888,9827,108,-1
1889,9829,87,24
1890,9830,79,27
1891,9831,95,-1
1892,9832,100,-1
1893,9833,94,-1
1894,9834,76,9
1895,9835,95,27
1896,9836,68,13
1897,9837,82,-1
1898,9838,74,9
1899,9839,82,-1
1900,9840,97,21
1901,9841,81,19
1902,9842,82,-1
1903,9843,77,12
1904,9844,87,9
1905,9845,106,-1
1906,9846,92,12
1907,9847,92,-1
1908,9848,84,12
1909,9849,80,-1
1910,9850,72,9
1911,9851,73,-1
1912,9852,97,-1
1913,9853,84,13
1914,9854,100,12
1915,9855,70,-1
1916,9856,92,-1
1917,9857,74,12
1918,9858,100,15
1919,9859,99,21
1920,9860,73,24
1921,9861,87,25
1922,9862,95,17
1923,9863,106,-1
1924,9864,107,27
1925,9865,92,12
1926,9866,97,21
1927,9867,92,21
1928,9868,72,13
1929,9869,86,-1
1930,9870,79,10
1931,9871,107,-1
1932,9872,69,12
1933,9873,98,10
1934,9874,83,12
1935,9875,96,25
1936,9876,72,12
1937,9877,101,12
1938,9878,101,19
1939,9879,80,9
1940,9880,95,13
1941,9881,98,21
1942,9882,69,18
1943,9883,70,12
1944,9884,90,12
1945,9885,73,10
1946,9886,95,10
1947,9887,79,-1
1948,9888,98,20
1949,9889,97,17
1950,9890,70,25
1951,9891,79,13
1952,9892,105,9
1953,9893,105,15
1954,9894,99,-1
1955,9895,70,9
1956,9896,95,10
1957,9897,93,28
1958,9898,100,-1
1959,9899,100,15
1960,9900,90,28
1961,9901,82,-1
1962,9902,82,20
1963,9903,72,20
1964,9904,97,-1
1965,9905,73,9
1966,9906,97,18
1967,9907,90,19
1968,9908,96,9
1969,9909,100,24
1970,9910,68,21
1971,9911,69,24
1972,9912,87,-1
1973,9913,98,25
1974,9914,81,-1
1975,9915,100,9
1976,9916,68,19
1977,9917,97,-1
1978,9918,69,10
1979,9919,80,-1
1980,9920,94,-1
1981,9921,82,24
1982,9922,100,9
1983,9923,108,-1
1984,9924,84,21
1985,9925,69,10
1986,9926,105,24
1987,9927,81,20
1988,9928,72,-1
1989,9929,81,17
1990,9930,69,17
1991,9931,97,13
1992,9932,79,9
1993,9933,102,24
1994,9934,75,10
1995,9935,108,17
1996,9936,80,25
1997,9937,76,25
1998,9938,87,-1
1999,9939,84,22
2000,9940,92,19
2001,9941,104,10
2002,9942,108,13
2003,9943,78,3
2004,9944,69,21
2005,9945,86,18
2006,9946,79,22
2007,9947,82,-1
2008,9948,76,1
2009,9949,101,20
2010,9950,96,17
2011,9951,102,27
2012,9952,79,13
2013,9953,84,10
2014,9954,84,27
2015,9955,77,10
2016,9956,107,12
2017,9957,84,15
2018,9958,83,17
2019,9959,107,25
2020,9960,96,-1
2021,9961,95,-1
2022,9962,100,3
2023,9963,103,13
2024,9964,80,9
2025,9965,99,-1
2026,9966,95,13
2027,9967,93,-1
2028,9968,68,12
2029,9969,105,10
2030,9970,101,15
2031,9971,103,10
2032,9972,107,24
2033,9973,69,17
2034,9974,92,-1
2035,9975,101,19
2036,9976,108,-1
2037,9977,87,-1
2038,9978,80,15
2039,9979,101,9
2040,9980,76,17
2041,9981,101,27
2042,9982,76,10
2043,9983,105,15
2044,9984,98,9
2045,9985,93,9
2046,9986,96,22
2047,9987,87,28
2048,9988,108,-1
2049,9989,80,15
2050,9990,93,9
2051,9991,87,20
2052,9992,83,19
2053,9993,97,9
2054,9994,72,15
2055,9995,69,-1
2056,9996,74,20
2057,9997,84,9
2058,9998,75,9
2059,9999,69,9
2060,10000,76,-1
2061,10001,96,9
2062,10002,103,-1
2063,10003,96,9
2064,10004,73,10
2065,10005,92,9
2066,10006,77,-1
2067,10007,75,25
2068,10008,105,17
2069,10009,107,22
2070,10010,85,10
2071,10011,105,9
2072,10012,86,15
2073,10013,106,-1
2074,10014,69,10
2075,10015,96,8
2076,10016,73,13
2077,10017,90,10
2078,10018,82,17
2079,10019,76,19
2080,10020,83,-1
2081,10021,86,9
2082,10022,87,10
2083,10023,95,15
2084,10024,79,9
2085,10025,74,10
2086,10026,81,27
2087,10027,74,19
2088,10028,69,9
2089,10029,99,13
2090,10030,78,-1
2091,10031,82,-1
2092,10032,78,28
2093,10033,79,20
2094,10034,81,22
2095,10035,97,17
2096,10036,87,9
2097,10037,84,-1
2098,10038,105,-1
2099,10039,98,9
2100,10040,80,-1
2101,10041,96,-1
2102,10042,73,-1
2103,10043,75,9
2104,10044,90,22
2105,10045,103,10
2106,10046,98,22
2107,10047,102,27
2108,10048,68,18
2109,10049,81,-1
2110,10050,103,12
2111,10051,72,15
2112,10052,105,-1
2113,10053,83,15
2114,10054,85,28
2115,10055,78,18
2116,10056,85,12
2117,10057,84,-1
2118,10058,81,13
2119,10059,99,-1
2120,10060,102,-1
2121,10061,84,-1
2122,10062,73,-1
2123,10063,76,-1
2124,10064,105,20
2125,10065,98,19
2126,10066,75,15
2127,10067,98,-1
2128,10068,84,13
2129,10070,84,5
2130,10071,80,5
2131,10072,99,5
2132,10073,72,5
2133,10074,102,5
2134,10075,74,5
2135,10076,79,5
2136,10077,104,5
2137,10078,94,5
2138,10079,93,5
2139,10080,87,5
2140,10081,94,5
2141,10082,84,5
2142,10083,107,5
2143,10084,84,5
2144,10085,99,5
2145,10086,100,5
2146,10087,101,5
2147,10088,100,5
2148,10089,101,5
2149,10090,84,5
2150,10091,83,5
2151,10092,82,5
2152,10093,97,5
2153,10094,86,5
2154,10095,88,5
2155,10096,108,5
2156,10097,108,5
2157,10098,98,5
2158,10099,80,5
2159,10100,96,-1
2160,10101,100,5
2161,10102,69,5
2162,10103,100,5
2163,10104,106,5
2164,10105,78,5
2165,10106,75,5
2166,10107,85,5
2167,10108,95,5
2168,10109,82,5
2169,10110,105,5
2170,10111,104,5
2171,10112,77,5
2172,10113,80,5
2173,10114,68,5
2174,10115,78,5
2175,10116,99,5
2176,10117,79,5
2177,10118,90,5
2178,10119,88,5
2179,10120,69,5
2180,10121,84,5
2181,10122,81,5
2182,10123,86,5
2183,10124,101,5
2184,10125,86,5
2185,10126,87,-1
2186,10127,82,5
2187,10128,104,5
2188,10129,70,5
2189,10130,81,5
2190,10131,92,5
2191,10132,70,-1
2192,10133,105,5
2193,10134,107,5
2194,10135,103,5
2195,10136,73,5
2196,10137,86,5
2197,10138,75,5
2198,10139,86,5
2199,10140,68,5
2200,10141,104,5
2201,10142,94,5
2202,10143,70,5
2203,10144,85,5
2204,10145,83,5
2205,10146,72,5
2206,10147,82,5
2207,10148,86,5
2208,10149,86,5
2209,10150,73,5
2210,10151,85,5
2211,10152,68,5
2212,10153,96,5
2213,10154,85,5
2214,10155,81,5
2215,10156,93,5
2216,10157,102,5
2217,10158,104,5
2218,10159,81,5
2219,10160,95,5
2220,10161,84,5
2221,10162,69,5
2222,10163,83,5
2223,10164,87,5
2224,10165,96,5
2225,10166,105,5
2226,10167,100,5
2227,10168,104,5
2228,10169,68,5
2229,10170,74,5
2230,10171,83,5
2231,10172,105,6
2232,10173,82,5
2233,10174,100,5
2234,10175,101,5
2235,10176,87,5
2236,10177,75,5
2237,10178,99,5
2238,10179,93,5
2239,10180,79,5
2240,10181,99,5
2241,10182,80,5
2242,10183,106,5
2243,10184,98,5
2244,10185,104,5
2245,10186,100,5
2246,10187,99,5
2247,10188,95,8
2248,10189,78,5
2249,10190,82,5
2250,10191,95,5
2251,10192,90,5
2252,10193,95,5
2253,10194,68,5
2254,10195,95,5
2255,10196,81,5
2256,10198,76,2
2257,10199,84,2
2258,10200,69,2
2259,10201,70,2
2260,10202,95,2
2261,10203,108,2
2262,10204,82,2
2263,10205,72,2
2264,10206,104,-1
2265,10207,73,2
2266,10209,83,-1
2267,10210,107,2
2268,10211,102,2
2269,10212,84,2
2270,10213,103,2
2271,10214,79,2
2272,10215,72,-1
2273,10216,82,2
2274,10217,87,2
2275,10218,101,0
2276,10220,93,2
2277,10221,103,2
2278,10222,93,2
2279,10223,96,2
2280,10224,84,4
2281,10225,72,2
2282,10226,106,1
2283,10227,78,-1
2284,10228,82,2
2285,10229,94,2
2286,10231,99,-1
2287,10232,100,2
2288,10233,88,2
2289,10234,103,2
2290,10235,68,2
2291,10236,75,2
2292,10237,70,2
2293,10238,99,2
2294,10239,106,2
2295,10240,69,2
2296,10242,107,2
2297,10243,76,2
2298,10244,85,2
2299,10245,70,2
2300,10246,106,0
2301,10247,81,2
2302,10248,105,2
2303,10249,104,2
2304,10250,68,2
2305,10251,78,2
2306,10253,100,2
2307,10254,85,-1
2308,10255,105,-1
2309,10256,80,2
2310,10257,103,0
2311,10258,98,2
2312,10259,82,2
2313,10260,77,2
2314,10261,93,-1
2315,10262,103,2
2316,10264,82,2
2317,10265,98,2
2318,10266,77,2
2319,10267,72,1
2320,10268,84,2
2321,10269,88,2
2322,10270,94,2
2323,10271,79,2
2324,10272,97,2
2325,10273,97,2
2326,10275,84,2
2327,10276,84,2
2328,10277,103,2
2329,10278,78,-1
2330,10279,95,2
2331,10280,77,2
2332,10281,108,2
2333,10282,74,2
2334,10283,73,2
2335,10284,84,2
2336,10286,92,2
2337,10287,81,-1
2338,10288,106,2
2339,10289,97,2
2340,10290,77,2
2341,10291,73,2
2342,10292,80,2
2343,10293,79,18
2344,10294,80,2
2345,10295,92,0
2346,10297,88,2
2347,10298,105,2
2348,10299,79,2
2349,10300,84,2
2350,10301,100,2
2351,10302,90,2
2352,10303,81,18
2353,10304,80,2
2354,10305,106,2
2355,10306,76,2
2356,10308,102,2
2357,10309,73,2
2358,10310,98,2
2359,10311,94,2
2360,10312,94,2
2361,10313,103,2
2362,10314,93,0
2363,10315,103,2
2364,10316,81,4
2365,10317,104,2
2366,10319,83,-1
2367,10320,86,-1
2368,10321,85,2
2369,10322,98,2
2370,10323,101,2
2371,10324,102,2
2372,10325,77,2
2373,10326,76,2
2374,10327,81,2
2375,10328,83,2
2376,10330,69,-1
2377,10331,85,2
2378,10332,98,2
2379,10333,96,2
2380,10334,97,2
2381,10335,105,4
2382,10336,81,2
2383,10337,68,2
2384,10338,99,2
2385,10339,92,2
2386,10341,74,2
2387,10342,74,4
2388,10343,78,2
2389,10344,72,-1
2390,10345,84,2
2391,10346,87,2
2392,10347,86,2
2393,10348,79,2
2394,10349,106,2
2395,10350,98,2
2396,10352,90,2
2397,10353,90,2
2398,10354,70,2
2399,10355,70,2
2400,10356,98,2
2401,10357,82,2
2402,10358,92,4
2403,10359,73,2
2404,10360,100,2
2405,10361,77,-1
2406,10363,84,2
2407,10364,102,2
2408,10365,75,2
2409,10366,98,-1
2410,10367,79,4
2411,10368,74,2
2412,10369,96,2
2413,10370,105,2
2414,10371,79,2
2415,10372,96,2
2416,10374,77,4
2417,10375,77,2
2418,10376,77,2
2419,10377,97,2
2420,10378,80,4
2421,10379,102,2
2422,10380,85,2
2423,10381,99,2
2424,10382,68,2
2425,10383,106,0
2426,10385,84,2
2427,10386,81,2
2428,10387,97,2
2429,10388,102,2
2430,10389,85,4
2431,10390,100,4
2432,10391,103,2
2433,10392,101,1
2434,10393,105,-1
2435,10394,107,2
2436,10396,77,2
2437,10397,98,2
2438,10398,93,2
2439,10399,68,2
2440,10400,90,2
2441,10401,87,-1
2442,10402,100,2
2443,10403,92,-1
2444,10404,102,2
2445,10405,70,2
2446,10407,69,2
2447,10408,85,2
2448,10409,99,2
2449,10410,85,2
2450,10411,100,2
2451,10412,73,2
2452,10413,102,2
2453,10414,98,2
2454,10415,73,2
2455,10416,104,2
2456,10418,93,2
2457,10419,96,2
2458,10420,107,2
2459,10421,90,0
2460,10422,94,2
2461,10423,101,0
2462,10424,87,2
2463,10425,107,2
2464,10426,102,7
2465,10427,99,2
2466,10429,104,2
2467,10430,99,2
2468,10431,103,4
2469,10432,104,4
2470,10433,80,2
2471,10434,70,2
2472,10435,70,3
2473,10436,75,2
2474,10437,82,2
2475,10438,87,2
2476,10440,85,2
2477,10441,92,2
2478,10442,107,2
2479,10443,103,2
2480,10444,82,2
2481,10445,84,2
2482,10446,98,2
2483,10447,72,2
2484,10448,99,8
2485,10449,72,2
2486,10451,83,2
2487,10452,69,2
2488,10453,87,2
2489,10454,92,2
2490,10455,95,2
2491,10456,75,2
2492,10457,93,-1
2493,10458,107,2
2494,10459,108,2
2495,10460,75,2
2496,10462,102,8
2497,10463,76,8
2498,10464,104,8
2499,10465,77,2
2500,10466,74,-1
2501,10467,75,2
2502,10468,72,2
2503,10469,84,2
2504,10470,104,-1
2505,10471,97,2
2506,10473,95,15
2507,10474,87,2
2508,10475,70,2
2509,10476,87,2
2510,10477,92,2
2511,10478,87,2
2512,10479,104,-1
2513,10480,75,13
2514,10481,93,8
2515,10482,101,-1
2516,10484,80,2
2517,10485,98,2
2518,10486,94,4
2519,10487,77,12
2520,10488,72,2
2521,10489,97,2
2522,10490,99,15
2523,10491,86,2
2524,10492,87,2
2525,10493,80,8
2526,10495,77,8
2527,10496,100,-1
2528,10497,80,-1
2529,10498,78,2
2530,10499,105,-1
2531,10500,74,-1
2532,10501,96,2
2533,10502,102,-1
2534,10503,107,2
2535,10504,84,-1
2536,10506,72,1
2537,10507,90,-1
2538,10508,108,2
2539,10509,105,2
2540,10510,72,-1
2541,10511,85,-1
2542,10512,84,2
2543,10513,68,2
2544,10514,101,2
2545,10515,94,4
2546,10517,99,2
2547,10518,75,-1
2548,10519,101,2
2549,10520,82,2
2550,10521,95,4
2551,10522,92,-1
2552,10523,102,2
2553,10524,100,-1
2554,10525,83,2
2555,10526,107,0
2556,10528,96,-1
2557,10529,101,-1
2558,10530,76,-1
2559,10531,95,2
2560,10532,96,2
2561,10533,81,-1
2562,10534,74,2
2563,10535,70,2
2564,10536,99,2
2565,10537,80,-1
2566,10539,98,0
2567,10540,74,2
2568,10541,78,8
2569,10542,107,10
2570,10543,87,-1
2571,10544,73,2
2572,10551,83,0
2573,10552,93,-1
2574,10553,107,2
2575,10554,93,2
2576,10555,70,2
2577,10556,77,2
2578,10557,79,2
2579,10558,108,2
2580,10559,90,2
2581,10561,108,-1
2582,10562,75,18
2583,10563,76,-1
2584,10564,69,18
2585,10565,94,2
2586,10566,92,18
2587,10567,74,18
2588,10568,75,2
2589,10569,72,8
2590,10574,84,2
2591,10575,99,2
2592,10576,73,4
2593,10577,83,18
2594,10578,101,18
2595,10579,106,-1
2596,10580,85,18
2597,10581,84,2
2598,10583,83,2
2599,10584,83,18
2600,10585,105,18
2601,10587,107,2
2602,10588,83,0
2603,10589,84,18
2604,10590,108,2
2605,10591,79,2
2606,10592,88,18
2607,10594,108,-1
2608,10595,74,2
2609,10596,82,2
2610,10597,102,2
2611,10598,101,2
2612,10599,106,2
2613,10601,85,18
2614,10602,74,2
2615,10603,101,8
2616,10605,104,2
2617,10606,87,-1
2618,10607,107,-1
2619,10608,83,2
2620,10609,93,2
2621,10610,85,3
2622,10611,84,-1
2623,10612,85,-1
2624,10613,82,0
2625,10614,82,2
2626,10616,85,2
2627,10617,95,8
2628,10618,80,13
2629,10619,97,-1
2630,10620,88,2
2631,10621,87,2
